{"initial_reset_timestamp": 1556117187.8426938, "timestamps": [1556117189.4892108], "episode_lengths": [34], "episode_rewards": [34.0], "episode_types": ["t"]}