{"initial_reset_timestamp": 1556055778.52084, "timestamps": [1556055783.493008], "episode_lengths": [200], "episode_rewards": [200.0], "episode_types": ["t"]}